﻿{"2":{"begin_time":"2018-07-15 00:00:00","weight":1,"end_time_stamp":1910304000,"path":"/Game/UMG/Texture/LoadingUI/LOADING_image_2.LOADING_image_2","end_time":"2030-07-15 00:00:00"},"3":{"begin_time":"2018-07-15 00:00:00","weight":1,"end_time_stamp":1910304000,"path":"/Game/UMG/Texture/LoadingUI/LOADING_image_3.LOADING_image_3","end_time":"2030-07-15 00:00:00"},"4":{"begin_time":"2018-07-15 00:00:00","weight":1,"end_time_stamp":1910304000,"path":"/Game/UMG/Texture/LoadingUI/LOADING_image_4.LOADING_image_4","end_time":"2030-07-15 00:00:00"},"3072":{"region_map":[],"begin_time":"2020-04-19 08:00:00","weight":80,"end_time_stamp":1588751999,"path":"https://www.pubgmobile.com/act_pics/170loading4/yulei2.jpg","end_time":"2020-05-06 07:59:59"},"10":{"begin_time":"2018-07-15 00:00:00","weight":1,"end_time_stamp":1910304000,"path":"https://www.pubgmobile.com/event/pics/loading/loading15.jpg","end_time":"2030-07-15 00:00:00"},"11":{"begin_time":"2018-07-15 00:00:00","weight":1,"end_time_stamp":1910304000,"path":"https://www.pubgmobile.com/event/pics/loading/loading16.jpg","end_time":"2030-07-15 00:00:00"},"12":{"begin_time":"2018-07-15 00:00:00","weight":1,"end_time_stamp":1910304000,"path":"https://www.pubgmobile.com/event/pics/banner/banner88.png","end_time":"2030-07-15 00:00:00"},"3068":{"region_map":[],"begin_time":"2020-03-12 08:00:00","weight":80,"end_time_stamp":1588319999,"path":"http://www.pubgmobile.com/act_pics/loading170/RP12.jpg","end_time":"2020-05-01 07:59:59"},"3070":{"region_map":[],"begin_time":"2020-04-18 08:00:00","weight":80,"end_time_stamp":1588319999,"path":"http://www.pubgmobile.com/act_pics/loading170/jihanmoshi.jpg","end_time":"2020-05-01 07:59:59"},"3071":{"region_map":[],"begin_time":"2020-04-17 08:00:00","weight":150,"end_time_stamp":1587283199,"path":"https://www.pubgmobile.com/act_pics/170loading4/yulei2.jpg","end_time":"2020-04-19 07:59:59"}}